<?xml version="1.0"?>
<EMS-Servers>
	<ConnectionNode alias="CARE-7324" url="tcp://epicdev_ldn_emsp.ldn.swissbank.com:7324" user="admin" password="admin" autoConnect="true">
		<WarnLimits Connections="100" Queues="200" Topics="200" Durables="50" PendingMsgs="1000" PendingMsgSize="100000000" MsgMem="100000000" AsyncDBSize="100000" SyncDBSize="100000"/>
		<ErrorLimits Connections="200" Queues="500" Topics="500" Durables="100" PendingMsgs="10000"  PendingMsgSize="1000000000" MsgMem="1000000000" AsyncDBSize="1000000000" SyncDBSize="1000000000"/>
	</ConnectionNode>
</EMS-Servers>
<!--<EMS-Servers>
	<ConnectionNode alias="CARE-7325" url="tcp://epicuat_ldn_emsp.ldn.swissbank.com:7325" user="admin" password="admin" autoConnect="true">
		<WarnLimits Connections="100" Queues="200" Topics="200" Durables="50" PendingMsgs="1000" PendingMsgSize="100000000" MsgMem="100000000" AsyncDBSize="100000" SyncDBSize="100000"/>
		<ErrorLimits Connections="200" Queues="500" Topics="500" Durables="100" PendingMsgs="10000"  PendingMsgSize="1000000000" MsgMem="1000000000" AsyncDBSize="1000000000" SyncDBSize="1000000000"/>
	</ConnectionNode>
</EMS-Servers>
-->